Workbook

Sheet notes à faire
A1: Etudier les résultats avec et sans les loyers imputés, ou bien dans le revenu ou la consommation ou bien la consommation contrainte.
A2: On voit que cela compte beaucoup et change les résultats.
A3: en fait les loyers imputés sont-ils conservateurs ou pas ?
A4: Voir leur rôle dans la théorie.

Sheet dep_pre_eng_2010
A1: Code | B1: 04 | C1: 04.1 | D1: 04.2 | E1: 04.3 | F1: 04.4 | G1: 04.4.1 | H1: 04.4.2 | I1: 04.4.3 | J1: 04.4.4 | K1: 04.5 | L1: 04.5.1 | M1: 04.5.2 | N1: 04.5.3 | O1: 04.5.4 | P1: 04.5.5 | Q1: 08.3 | R1: 09.4.2.p | S1: 11.1.2 | T1: 12.5.p | U1: 12.5.2 | V1: 12.5.3 | W1: 12.5.4 | X1: 12.5.5 | Y1: 12.6 | Z1: 12.6.1 | AA1: 12.6.2
B2: Logement, eau, gaz, électricité et autres combustibles | C2: Loyers effectifs | D2: Loyers imputés | E2: Entretien et réparation des logements | F2: Autres services liés au logement | G2: Distribution d'eau | H2: Collecte des ordures ménagères | I2: Services d'assainissement | J2: Ramonage, gardiennage, et entretien des ascenseurs | K2: Électricité, gaz et autres combustibles | L2: Électricité | M2: Gaz | N2: Combustibles liquides | O2: Combustibles solides | P2: Eau chaude et vapeur d'eau | Q2: Services de télécommunications | R2: Services de télévision | S2: Cantines | T2: Assurances, hors assurance-vie | U2: Assurance habitation | V2: Assurance santé | W2: Assurance automobile | X2: Autres assurances | Y2: Services financiers | Z2: Services d'intermédiation financière indirectement mesurés (SIFIM) | AA2: Autres services financiers | AB2: Dépenses de consommation pré-engagées | AC2: Dépenses de consommation autres que pré-engagées | AD2: Dépense de consommation finale des ménages
A3: 1959 | B3: 46275.037 | C3: 10517.497 | D3: 18896.118 | E3: 4651.323 | F3: 4154.388 | G3: 1026.666 | H3: 678.988 | I3: 903.903 | J3: 1140.334 | K3: 8160.607 | L3: 941.556 | M3: 1549.409 | N3: 1962.65 | O3: 4400.115 | P3: 441.193 | Q3: 194.584 | R3: 208.877 | S3: 3087.893 | T3: 13066.737 | U3: 2121.406 | V3: 9060.623 | W3: 2658.758 | X3: 470.301 | Y3: 1835.646 | Z3: 960.255 | AA3: 1012.076 | AB3: 53536.563 | AC3: 170342.66 | AD3: 228594.64
A4: 1960 | B4: 49471.003 | C4: 11311.346 | D4: 20348.574 | E4: 4964.852 | F4: 4263.029 | G4: 1067.032 | H4: 691.038 | I4: 939.306 | J4: 1163.923 | K4: 8687.463 | L4: 1029.476 | M4: 1673.935 | N4: 2301.328 | O4: 4483.459 | P4: 458.509 | Q4: 212.296 | R4: 243.037 | S4: 3209.677 | T4: 13482.104 | U4: 2158.767 | V4: 9286.921 | W4: 2768.874 | X4: 489.447 | Y4: 1824.152 | Z4: 953.621 | AA4: 1008.313 | AB4: 56735.322 | AC4: 178637.48 | AD4: 240096.95
A5: 1961 | B5: 52824.625 | C5: 12151.507 | D5: 21893.94 | E5: 5490.522 | F5: 4448.528 | G5: 1121.483 | H5: 719.71 | I5: 987.368 | J5: 1208.256 | K5: 9109.411 | L5: 1119.819 | M5: 1779.851 | N5: 2640.088 | O5: 4463.266 | P5: 481.944 | Q5: 231.955 | R5: 274.68 | S5: 3397.595 | T5: 13785.951 | U5: 2188.105 | V5: 9431.142 | W5: 2855.541 | X5: 503.817 | Y5: 1871.41 | Z5: 975.261 | AA5: 1047.605 | AB5: 60267.803 | AC5: 188901.18 | AD5: 254068.3
A6: 1962 | B6: 58259.217 | C6: 13250.098 | D6: 23886.677 | E6: 5983.949 | F6: 4670.957 | G6: 1202.295 | H6: 750.882 | I6: 1058.041 | J6: 1251.304 | K6: 10355.756 | L6: 1226.951 | M6: 2042.695 | N6: 3449.301 | O6: 4971.863 | P6: 516.627 | Q6: 254.227 | R6: 316.218 | S6: 3534.159 | T6: 13879.598 | U6: 2201.803 | V6: 9417.357 | W6: 2896.159 | X6: 509.804 | Y6: 1885.773 | Z6: 980.206 | AA6: 1066.944 | AB6: 65474.447 | AC6: 202388.05 | AD6: 272806.99
A7: 1963 | B7: 63875.591 | C7: 14189.103 | D7: 25579.268 | E7: 6597.569 | F7: 4933.2 | G7: 1298.562 | H7: 787.043 | I7: 1142.645 | J7: 1302.465 | K7: 11925.061 | L7: 1430.671 | M7: 2351.764 | N7: 4398.357 | O7: 5519.17 | P7: 557.908 | Q7: 276.627 | R7: 346.357 | S7: 3796.318 | T7: 14775.304 | U7: 2273.593 | V7: 9971.11 | W7: 3117.491 | X7: 550.942 | Y7: 2117.242 | Z7: 1125.195 | AA7: 1083.845 | AB7: 71701.141 | AC7: 216097.57 | AD7: 292499.95
A8: 1964 | B8: 66735.075 | C8: 15051.897 | D8: 27214.957 | E8: 7240.968 | F8: 5147.091 | G8: 1375.428 | H8: 810.352 | I8: 1210.272 | J8: 1352.205 | K8: 11815.562 | L8: 1572.716 | M8: 2529.217 | N8: 5218.918 | O8: 4468.041 | P8: 590.941 | Q8: 297.318 | R8: 384.371 | S8: 4086.446 | T8: 15669.989 | U8: 2343.422 | V8: 10514.384 | W8: 3342.553 | X8: 593.009 | Y8: 2409.146 | Z8: 1310.642 | AA8: 1087.941 | AB8: 75699.984 | AC8: 227969.66 | AD8: 308610.94
A9: 1965 | B9: 71140.354 | C9: 16015.568 | D9: 28982.672 | E9: 7695.688 | F9: 5333.893 | G9: 1457.984 | H9: 823.076 | I9: 1283.252 | J9: 1390.612 | K9: 12702.928 | L9: 1679.861 | M9: 2819.221 | N9: 6340.282 | O9: 4416.749 | P9: 626.342 | Q9: 311.823 | R9: 426.914 | S9: 4336.29 | T9: 16547.468 | U9: 2410.651 | V9: 11038.072 | W9: 3567.188 | X9: 635.249 | Y9: 2359.768 | Z9: 1285.042 | AA9: 1059.522 | AB9: 80115.66 | AC9: 235850.85 | AD9: 320560.47
A10: 1966 | B10: 75585.142 | C10: 17073.696 | D10: 30923.785 | E10: 8181.376 | F10: 5538.969 | G10: 1539.707 | H10: 846.045 | I10: 1355.017 | J10: 1430.326 | K10: 13406.311 | L10: 2003.975 | M10: 2988.504 | N10: 7210.387 | O10: 3944.539 | P10: 661.47 | Q10: 318.317 | R10: 455.065 | S10: 4518.798 | T10: 16900.131 | U10: 2441.648 | V10: 11189.482 | W10: 3673.537 | X10: 653.638 | Y10: 2467.686 | Z10: 1351.832 | AA10: 1070.752 | AB10: 84635.079 | AC10: 246728.82 | AD10: 335955.1
A11: 1967 | B11: 81512.487 | C11: 18246.545 | D11: 33055.002 | E11: 8869.607 | F11: 5777.128 | G11: 1631.947 | H11: 865.159 | I11: 1436.269 | J11: 1486.239 | K11: 14880.29 | L11: 2298.574 | M11: 3297.828 | N11: 8687.893 | O11: 4007.565 | P11: 700.969 | Q11: 340.772 | R11: 514.117 | S11: 4559.642 | T11: 17290.083 | U11: 2474.758 | V11: 11362.791 | W11: 3790.012 | X11: 673.889 | Y11: 2676.098 | Z11: 1479.632 | AA11: 1097.926 | AB11: 90721.116 | AC11: 257763.95 | AD11: 352732.47
A12: 1968 | B12: 87379.807 | C12: 19512.581 | D12: 35566.738 | E12: 9135.926 | F12: 6086.47 | G12: 1819.266 | H12: 879.988 | I12: 1601.07 | J12: 1504.94 | K12: 16172.74 | L12: 2622.703 | M12: 3656.476 | N12: 10142.328 | O12: 3707.917 | P12: 781.415 | Q12: 353.905 | R12: 571.403 | S12: 4718.64 | T12: 17322.306 | U12: 2484.52 | V12: 11287.588 | W12: 3823.071 | X12: 677.604 | Y12: 3147.017 | Z12: 1763.127 | AA12: 1183.763 | AB12: 97289.914 | AC12: 266944.42 | AD12: 367942.3
A13: 1969 | B13: 94763.803 | C13: 21416.364 | D13: 38801.063 | E13: 9616.668 | F13: 6422.387 | G13: 1992.118 | H13: 909.475 | I13: 1752.92 | J13: 1540.413 | K13: 17372.486 | L13: 2948.431 | M13: 3985.466 | N13: 11310.343 | O13: 3434.536 | P13: 855.548 | Q13: 396.503 | R13: 628.448 | S13: 5205.901 | T13: 17895.437 | U13: 2529.507 | V13: 11579.952 | W13: 3984.875 | X13: 706.743 | Y13: 4130.589 | Z13: 2378.049 | AA13: 1251.714 | AB13: 107034.31 | AC13: 281628.38 | AD13: 391745.22
A14: 1970 | B14: 101175.37 | C14: 22699.147 | D14: 41206.659 | E14: 10215.685 | F14: 6720.872 | G14: 2131.465 | H14: 932.603 | I14: 1875.259 | J14: 1586.742 | K14: 19020.734 | L14: 3335.036 | M14: 4483.213 | N14: 12843.249 | O14: 3220.711 | P14: 900.261 | Q14: 430.39 | R14: 668.026 | S14: 5247.47 | T14: 17882.068 | U14: 2536.31 | V14: 11470.154 | W14: 4008.174 | X14: 708.166 | Y14: 4548.375 | Z14: 2650.599 | AA14: 1232.138 | AB14: 113909.22 | AC14: 292865.03 | AD14: 409521.22
... A60: 2016 | B60: 285328.19 | C60: 50689.355 | D60: 163655.85 | E60: 16048.398 | F60: 14912.609 | G60: 4065.529 | H60: 3548.735 | I60: 4570.775 | J60: 2709.67 | K60: 40483.061 | L60: 20973.02 | M60: 11138.154 | N60: 5235.988 | O60: 1934.842 | P60: 1355.719 | Q60: 39191.162 | R60: 6042.223 | S60: 10509.655 | T60: 29369.072 | U60: 4701.992 | V60: 16128.636 | W60: 6913.72 | X60: 1574.21 | Y60: 16639.786 | Z60: 10474.024 | AA60: 6473.473 | AB60: 385699.27 | AC60: 751833.06 | AD60: 1137587.8

Sheet DEP_ACP_VULN2010
B1: Enerdom | C1: Logement hors énergie | D1: Services de télécoms | E1: Services de télévision | F1: Cantines | G1: Assurances | H1: Services financiers | I1: Dépenses contraintes | J1: Wenerdom | K1: Wlogement | L1: Wtelecom | M1: Wteleviz | N1: Wcantines | O1: Wassur | P1: Wserfi
A2: 1959 | B2: 8160.607 | C2: =dep_pre_eng_2010!C3+dep_pre_eng_2010!E3+dep_pre_eng_2010!F3 -> 19323.208 | D2: =dep_pre_eng_2010!Q3 -> 194.584 | E2: =dep_pre_eng_2010!R3 -> 208.877 | F2: =dep_pre_eng_2010!S3 -> 3087.893 | G2: =dep_pre_eng_2010!T3 -> 13066.737 | H2: =dep_pre_eng_2010!Y3 -> 1835.646 | I2: =SUM(B2:H2) -> 45877.552 | J2: =B2/$I2 -> 0.177878 | K2: =C2/$I2 -> 0.42119091 | L2: =D2/$I2 -> 0.0042413771 | M2: =E2/$I2 -> 0.0045529238 | N2: =F2/$I2 -> 0.067307275 | O2: =G2/$I2 -> 0.28481766 | P2: =H2/$I2 -> 0.040011856
A3: 1960 | B3: 8687.463 | C3: =dep_pre_eng_2010!C4+dep_pre_eng_2010!E4+dep_pre_eng_2010!F4 -> 20539.227 | D3: =dep_pre_eng_2010!Q4 -> 212.296 | E3: =dep_pre_eng_2010!R4 -> 243.037 | F3: =dep_pre_eng_2010!S4 -> 3209.677 | G3: =dep_pre_eng_2010!T4 -> 13482.104 | H3: =dep_pre_eng_2010!Y4 -> 1824.152 | I3: =SUM(B3:H3) -> 48197.956 | J3: =B3/$I3 -> 0.18024547 | K3: =C3/$I3 -> 0.42614311 | L3: =D3/$I3 -> 0.0044046681 | M3: =E3/$I3 -> 0.0050424752 | N3: =F3/$I3 -> 0.066593633 | O3: =G3/$I3 -> 0.27972356 | P3: =H3/$I3 -> 0.037847082
A4: 1961 | B4: 9109.411 | C4: =dep_pre_eng_2010!C5+dep_pre_eng_2010!E5+dep_pre_eng_2010!F5 -> 22090.557 | D4: =dep_pre_eng_2010!Q5 -> 231.955 | E4: =dep_pre_eng_2010!R5 -> 274.68 | F4: =dep_pre_eng_2010!S5 -> 3397.595 | G4: =dep_pre_eng_2010!T5 -> 13785.951 | H4: =dep_pre_eng_2010!Y5 -> 1871.41 | I4: =SUM(B4:H4) -> 50761.559 | J4: =B4/$I4 -> 0.17945491 | K4: =C4/$I4 -> 0.43518279 | L4: =D4/$I4 -> 0.0045695011 | M4: =E4/$I4 -> 0.0054111813 | N4: =F4/$I4 -> 0.06693244 | O4: =G4/$I4 -> 0.2715825 | P4: =H4/$I4 -> 0.036866677
A5: 1962 | B5: 10355.756 | C5: =dep_pre_eng_2010!C6+dep_pre_eng_2010!E6+dep_pre_eng_2010!F6 -> 23905.004 | D5: =dep_pre_eng_2010!Q6 -> 254.227 | E5: =dep_pre_eng_2010!R6 -> 316.218 | F5: =dep_pre_eng_2010!S6 -> 3534.159 | G5: =dep_pre_eng_2010!T6 -> 13879.598 | H5: =dep_pre_eng_2010!Y6 -> 1885.773 | I5: =SUM(B5:H5) -> 54130.735 | J5: =B5/$I5 -> 0.19131009 | K5: =C5/$I5 -> 0.4416161 | L5: =D5/$I5 -> 0.004696537 | M5: =E5/$I5 -> 0.0058417459 | N5: =F5/$I5 -> 0.065289322 | O5: =G5/$I5 -> 0.25640882 | P5: =H5/$I5 -> 0.03483738
A6: 1963 | B6: 11925.061 | C6: =dep_pre_eng_2010!C7+dep_pre_eng_2010!E7+dep_pre_eng_2010!F7 -> 25719.872 | D6: =dep_pre_eng_2010!Q7 -> 276.627 | E6: =dep_pre_eng_2010!R7 -> 346.357 | F6: =dep_pre_eng_2010!S7 -> 3796.318 | G6: =dep_pre_eng_2010!T7 -> 14775.304 | H6: =dep_pre_eng_2010!Y7 -> 2117.242 | I6: =SUM(B6:H6) -> 58956.781 | J6: =B6/$I6 -> 0.20226784 | K6: =C6/$I6 -> 0.4362496 | L6: =D6/$I6 -> 0.0046920303 | M6: =E6/$I6 -> 0.005874761 | N6: =F6/$I6 -> 0.064391541 | O6: =G6/$I6 -> 0.25061246 | P6: =H6/$I6 -> 0.035911764
A7: 1964 | B7: 11815.562 | C7: =dep_pre_eng_2010!C8+dep_pre_eng_2010!E8+dep_pre_eng_2010!F8 -> 27439.956 | D7: =dep_pre_eng_2010!Q8 -> 297.318 | E7: =dep_pre_eng_2010!R8 -> 384.371 | F7: =dep_pre_eng_2010!S8 -> 4086.446 | G7: =dep_pre_eng_2010!T8 -> 15669.989 | H7: =dep_pre_eng_2010!Y8 -> 2409.146 | I7: =SUM(B7:H7) -> 62102.788 | J7: =B7/$I7 -> 0.19025816 | K7: =C7/$I7 -> 0.44184741 | L7: =D7/$I7 -> 0.0047875145 | M7: =E7/$I7 -> 0.0061892712 | N7: =F7/$I7 -> 0.065801329 | O7: =G7/$I7 -> 0.25232344 | P7: =H7/$I7 -> 0.03879288
A8: 1965 | B8: 12702.928 | C8: =dep_pre_eng_2010!C9+dep_pre_eng_2010!E9+dep_pre_eng_2010!F9 -> 29045.149 | D8: =dep_pre_eng_2010!Q9 -> 311.823 | E8: =dep_pre_eng_2010!R9 -> 426.914 | F8: =dep_pre_eng_2010!S9 -> 4336.29 | G8: =dep_pre_eng_2010!T9 -> 16547.468 | H8: =dep_pre_eng_2010!Y9 -> 2359.768 | I8: =SUM(B8:H8) -> 65730.34 | J8: =B8/$I8 -> 0.19325821 | K8: =C8/$I8 -> 0.44188344 | L8: =D8/$I8 -> 0.0047439736 | M8: =E8/$I8 -> 0.0064949307 | N8: =F8/$I8 -> 0.065970905 | O8: =G8/$I8 -> 0.25174779 | P8: =H8/$I8 -> 0.035900742
A9: 1966 | B9: 13406.311 | C9: =dep_pre_eng_2010!C10+dep_pre_eng_2010!E10+dep_pre_eng_2010!F10 -> 30794.041 | D9: =dep_pre_eng_2010!Q10 -> 318.317 | E9: =dep_pre_eng_2010!R10 -> 455.065 | F9: =dep_pre_eng_2010!S10 -> 4518.798 | G9: =dep_pre_eng_2010!T10 -> 16900.131 | H9: =dep_pre_eng_2010!Y10 -> 2467.686 | I9: =SUM(B9:H9) -> 68860.349 | J9: =B9/$I9 -> 0.1946884 | K9: =C9/$I9 -> 0.44719554 | L9: =D9/$I9 -> 0.0046226458 | M9: =E9/$I9 -> 0.0066085201 | N9: =F9/$I9 -> 0.065622642 | O9: =G9/$I9 -> 0.24542616 | P9: =H9/$I9 -> 0.035836095
A10: 1967 | B10: 14880.29 | C10: =dep_pre_eng_2010!C11+dep_pre_eng_2010!E11+dep_pre_eng_2010!F11 -> 32893.28 | D10: =dep_pre_eng_2010!Q11 -> 340.772 | E10: =dep_pre_eng_2010!R11 -> 514.117 | F10: =dep_pre_eng_2010!S11 -> 4559.642 | G10: =dep_pre_eng_2010!T11 -> 17290.083 | H10: =dep_pre_eng_2010!Y11 -> 2676.098 | I10: =SUM(B10:H10) -> 73154.282 | J10: =B10/$I10 -> 0.20340969 | K10: =C10/$I10 -> 0.44964258 | L10: =D10/$I10 -> 0.0046582646 | M10: =E10/$I10 -> 0.0070278456 | N10: =F10/$I10 -> 0.06232912 | O10: =G10/$I10 -> 0.23635094 | P10: =H10/$I10 -> 0.036581563
A11: 1968 | B11: 16172.74 | C11: =dep_pre_eng_2010!C12+dep_pre_eng_2010!E12+dep_pre_eng_2010!F12 -> 34734.977 | D11: =dep_pre_eng_2010!Q12 -> 353.905 | E11: =dep_pre_eng_2010!R12 -> 571.403 | F11: =dep_pre_eng_2010!S12 -> 4718.64 | G11: =dep_pre_eng_2010!T12 -> 17322.306 | H11: =dep_pre_eng_2010!Y12 -> 3147.017 | I11: =SUM(B11:H11) -> 77020.988 | J11: =B11/$I11 -> 0.20997835 | K11: =C11/$I11 -> 0.45098067 | L11: =D11/$I11 -> 0.0045949164 | M11: =E11/$I11 -> 0.007418796 | N11: =F11/$I11 -> 0.06126434 | O11: =G11/$I11 -> 0.22490371 | P11: =H11/$I11 -> 0.040859214
A12: 1969 | B12: 17372.486 | C12: =dep_pre_eng_2010!C13+dep_pre_eng_2010!E13+dep_pre_eng_2010!F13 -> 37455.419 | D12: =dep_pre_eng_2010!Q13 -> 396.503 | E12: =dep_pre_eng_2010!R13 -> 628.448 | F12: =dep_pre_eng_2010!S13 -> 5205.901 | G12: =dep_pre_eng_2010!T13 -> 17895.437 | H12: =dep_pre_eng_2010!Y13 -> 4130.589 | I12: =SUM(B12:H12) -> 83084.783 | J12: =B12/$I12 -> 0.20909348 | K12: =C12/$I12 -> 0.45080961 | L12: =D12/$I12 -> 0.0047722698 | M12: =E12/$I12 -> 0.0075639362 | N12: =F12/$I12 -> 0.062657695 | O12: =G12/$I12 -> 0.21538766 | P12: =H12/$I12 -> 0.049715349
A13: 1970 | B13: 19020.734 | C13: =dep_pre_eng_2010!C14+dep_pre_eng_2010!E14+dep_pre_eng_2010!F14 -> 39635.704 | D13: =dep_pre_eng_2010!Q14 -> 430.39 | E13: =dep_pre_eng_2010!R14 -> 668.026 | F13: =dep_pre_eng_2010!S14 -> 5247.47 | G13: =dep_pre_eng_2010!T14 -> 17882.068 | H13: =dep_pre_eng_2010!Y14 -> 4548.375 | I13: =SUM(B13:H13) -> 87432.767 | J13: =B13/$I13 -> 0.21754698 | K13: =C13/$I13 -> 0.4533278 | L13: =D13/$I13 -> 0.0049225252 | M13: =E13/$I13 -> 0.0076404536 | N13: =F13/$I13 -> 0.060017202 | O13: =G13/$I13 -> 0.20452364 | P13: =H13/$I13 -> 0.052021401
... A59: 2016 | B59: 40483.061 | C59: =dep_pre_eng_2010!C60+dep_pre_eng_2010!E60+dep_pre_eng_2010!F60 -> 81650.362 | D59: =dep_pre_eng_2010!Q60 -> 39191.162 | E59: =dep_pre_eng_2010!R60 -> 6042.223 | F59: =dep_pre_eng_2010!S60 -> 10509.655 | G59: =dep_pre_eng_2010!T60 -> 29369.072 | H59: =dep_pre_eng_2010!Y60 -> 16639.786 | I59: =SUM(B59:H59) -> 223885.32 | J59: =B59/$I59 -> 0.18082052 | K59: =C59/$I59 -> 0.36469725 | L59: =D59/$I59 -> 0.17505016 | M59: =E59/$I59 -> 0.026988027 | N59: =F59/$I59 -> 0.046942135 | O59: =G59/$I59 -> 0.13117909 | P59: =H59/$I59 -> 0.074322809

Sheet dep_pre_eng_nomi
A1: Code | B1: 04 | C1: 04.1 | D1: 04.2 | E1: 04.3 | F1: 04.4 | G1: 04.4.1 | H1: 04.4.2 | I1: 04.4.3 | J1: 04.4.4 | K1: 04.5 | L1: 04.5.1 | M1: 04.5.2 | N1: 04.5.3 | O1: 04.5.4 | P1: 04.5.5 | Q1: 08.3 | R1: 09.4.2.p | S1: 11.1.2 | T1: 12.5.p | U1: 12.5.2 | V1: 12.5.3 | W1: 12.5.4 | X1: 12.5.5 | Y1: 12.6 | Z1: 12.6.1 | AA1: 12.6.2 | AF1: En %
B2: Logement, eau, gaz, électricité et autres combustibles | C2: Loyers effectifs | D2: Loyers imputés | E2: Entretien et réparation des logements | F2: Autres services liés au logement | G2: Distribution d'eau | H2: Collecte des ordures ménagères | I2: Services d'assainissement | J2: Ramonage, gardiennage, et entretien des ascenseurs | K2: Électricité, gaz et autres combustibles | L2: Électricité | M2: Gaz | N2: Combustibles liquides | O2: Combustibles solides | P2: Eau chaude et vapeur d'eau | Q2: Services de télécommunications | R2: Services de télévision | S2: Cantines | T2: Assurances, hors assurance-vie | U2: Assurance habitation | V2: Assurance santé | W2: Assurance automobile | X2: Autres assurances | Y2: Services financiers | Z2: Services d'intermédiation financière indirectement mesurés (SIFIM) | AA2: Autres services financiers | AB2: Dépenses de consommation pré-engagées | AC2: Dépenses de consommation autres que pré-engagées | AD2: Dépense de consommation finale des ménages | AE2: Revenu disponible brut | AF2: Part des dépenses pré-engagées dans les dépenses de consommation finale des ménages | AG2: Part des dépenses pré-engagées dans le revenu disponible brut | AH2: Part des dépenses liées au logement dans le revenu disponible brut | AI2: Part des assurances (hors assurance-vie) et services financiers dans le revenu disponible brut | AJ2: Part des services de télévision et de télécommunications dans le revenu disponible brut | AK2: Part des cantines dans le revenu disponible brut
A3: 1959 | B3: 2661.954 | C3: 503.755 | D3: 850.061 | E3: 246.149 | F3: 121.613 | G3: 25.215 | H3: 33.242 | I3: 15.83 | J3: 47.326 | K3: 940.376 | L3: 212.717 | M3: 220.008 | N3: 85.751 | O3: 403.301 | P3: 18.6 | Q3: 98.38 | R3: 34.291 | S3: 216.457 | T3: 210.551 | U3: 26.217 | V3: 84.198 | W3: 73.305 | X3: 26.831 | Y3: 320.405 | Z3: 255.429 | AA3: 64.976 | AB3: 3542.038 | AC3: 20589.736 | AD3: 24131.774 | AE3: 28689.9 | AF3: 14.678 | AG3: 12.346 | AH3: 9.278 | AI3: 1.851 | AJ3: 0.462 | AK3: 0.754
A4: 1960 | B4: 3032.325 | C4: 607.44 | D4: 1027.129 | E4: 265.708 | F4: 134.268 | G4: 28.649 | H4: 35.977 | I4: 17.98 | J4: 51.661 | K4: 997.779 | L4: 231.819 | M4: 233.282 | N4: 96.118 | O4: 415.431 | P4: 21.13 | Q4: 107.317 | R4: 43.888 | S4: 230.854 | T4: 251.155 | U4: 31.284 | V4: 100.568 | W4: 87.946 | X4: 31.358 | Y4: 334.549 | Z4: 268.481 | AA4: 66.068 | AB4: 4000.088 | AC4: 22160.696 | AD4: 26160.784 | AE4: 31911.7 | AF4: 15.29 | AG4: 12.535 | AH4: 9.502 | AI4: 1.835 | AJ4: 0.474 | AK4: 0.723
A5: 1961 | B5: 3430.527 | C5: 718.92 | D5: 1218.988 | E5: 307.737 | F5: 147.252 | G5: 30.712 | H5: 39.624 | I5: 19.28 | J5: 57.635 | K5: 1037.63 | L5: 248.018 | M5: 243.203 | N5: 109.119 | O5: 414.641 | P5: 22.65 | Q5: 117.29 | R5: 54.132 | S5: 258.326 | T5: 263.273 | U5: 33.057 | V5: 102.941 | W5: 93.763 | X5: 33.51 | Y5: 359.66 | Z5: 289.696 | AA5: 69.963 | AB5: 4483.208 | AC5: 24025.992 | AD5: 28509.2 | AE5: 34435.5 | AF5: 15.725 | AG5: 13.019 | AH5: 9.962 | AI5: 1.809 | AJ5: 0.498 | AK5: 0.75
A6: 1962 | B6: 4030.134 | C6: 869.617 | D6: 1476.197 | E6: 352.961 | F6: 164.155 | G6: 34.267 | H6: 44.174 | I6: 21.51 | J6: 64.204 | K6: 1167.204 | L6: 265.127 | M6: 267.627 | N6: 141.068 | O6: 468.101 | P6: 25.28 | Q6: 128.902 | R6: 65.778 | S6: 282.873 | T6: 296.402 | U6: 37.096 | V6: 116.634 | W6: 105.935 | X6: 36.736 | Y6: 384.119 | Z6: 310.912 | AA6: 73.208 | AB6: 5188.209 | AC6: 26730.077 | AD6: 31918.286 | AE6: 39577.8 | AF6: 16.255 | AG6: 13.109 | AH6: 10.183 | AI6: 1.719 | AJ6: 0.492 | AK6: 0.715
A7: 1963 | B7: 4756.504 | C7: 1039.5 | D7: 1770.482 | E7: 415.586 | F7: 191.043 | G7: 41.447 | H7: 50.1 | I7: 26.02 | J7: 73.476 | K7: 1339.892 | L7: 306.846 | M7: 296.021 | N7: 179.384 | O7: 527.071 | P7: 30.57 | Q7: 140.28 | R7: 72.033 | S7: 321.098 | T7: 363.99 | U7: 45.427 | V7: 143.273 | W7: 130.971 | X7: 44.319 | Y7: 455.714 | Z7: 379.466 | AA7: 76.248 | AB7: 6109.618 | AC7: 29767.628 | AD7: 35877.247 | AE7: 44090.9 | AF7: 17.029 | AG7: 13.857 | AH7: 10.788 | AI7: 1.859 | AJ7: 0.482 | AK7: 0.728
A8: 1964 | B8: 5233.425 | C8: 1173.743 | D8: 2015.585 | E8: 481.088 | F8: 211.204 | G8: 45.713 | H8: 54.649 | I8: 28.69 | J8: 82.152 | K8: 1351.805 | L8: 352.689 | M8: 309.22 | N8: 210.086 | O8: 446.091 | P8: 33.72 | Q8: 154.984 | R8: 79.904 | S8: 365.305 | T8: 450.714 | U8: 55.692 | V8: 179.419 | W8: 162.104 | X8: 53.499 | Y8: 543.865 | Z8: 464.337 | AA8: 79.529 | AB8: 6828.198 | AC8: 32273.34 | AD8: 39101.538 | AE8: 47882.1 | AF8: 17.463 | AG8: 14.26 | AH8: 10.93 | AI8: 2.077 | AJ8: 0.491 | AK8: 0.763
A9: 1965 | B9: 5943.838 | C9: 1375.245 | D9: 2361.119 | E9: 529.953 | F9: 234.222 | G9: 52.703 | H9: 58.296 | I9: 33.08 | J9: 90.143 | K9: 1443.299 | L9: 374.694 | M9: 334.234 | N9: 244.66 | O9: 450.841 | P9: 38.87 | Q9: 181.17 | R9: 88.746 | S9: 397.625 | T9: 535.559 | U9: 66.97 | V9: 208.91 | W9: 196.392 | X9: 63.287 | Y9: 559.334 | Z9: 474.944 | AA9: 84.39 | AB9: 7706.272 | AC9: 33983.911 | AD9: 41690.183 | AE9: 51445.7 | AF9: 18.485 | AG9: 14.979 | AH9: 11.554 | AI9: 2.128 | AJ9: 0.525 | AK9: 0.773
A10: 1966 | B10: 6703.985 | C10: 1599.83 | D10: 2745.914 | E10: 589.68 | F10: 260.959 | G10: 60.844 | H10: 63.302 | I10: 38.19 | J10: 98.624 | K10: 1507.601 | L10: 434.904 | M10: 354.251 | N10: 273.705 | O10: 399.861 | P10: 44.88 | Q10: 190.744 | R10: 95.755 | S10: 434.632 | T10: 598.637 | U10: 75.269 | V10: 231.314 | W10: 222.444 | X10: 69.609 | Y10: 608.54 | Z10: 519.829 | AA10: 88.711 | AB10: 8632.293 | AC10: 36376.441 | AD10: 45008.734 | AE10: 55574.7 | AF10: 19.179 | AG10: 15.533 | AH10: 12.063 | AI10: 2.172 | AJ10: 0.516 | AK10: 0.782
A11: 1967 | B11: 7785.517 | C11: 1892.221 | D11: 3246.23 | E11: 664.95 | F11: 290.619 | G11: 69.706 | H11: 68.316 | I11: 43.75 | J11: 108.847 | K11: 1691.497 | L11: 506.567 | M11: 392.19 | N11: 340.089 | O11: 401.241 | P11: 51.41 | Q11: 212.283 | R11: 110.636 | S11: 466.132 | T11: 677.191 | U11: 85.36 | V11: 260.042 | W11: 254.609 | X11: 77.18 | Y11: 689.959 | Z11: 594.9 | AA11: 95.059 | AB11: 9941.717 | AC11: 38799.183 | AD11: 48740.9 | AE11: 60552.9 | AF11: 20.397 | AG11: 16.418 | AH11: 12.857 | AI11: 2.258 | AJ11: 0.533 | AK11: 0.77
A12: 1968 | B12: 9007.094 | C12: 2200.669 | D12: 3801.247 | E12: 735.025 | F12: 333.282 | G12: 84.316 | H12: 74.689 | I12: 52.93 | J12: 121.347 | K12: 1936.871 | L12: 575.487 | M12: 447.142 | N12: 470.64 | O12: 381.411 | P12: 62.19 | Q12: 227.713 | R12: 111.715 | S12: 492.764 | T12: 744.913 | U12: 94.341 | V12: 283.332 | W12: 283.711 | X12: 83.528 | Y12: 870.419 | Z12: 762.196 | AA12: 108.224 | AB12: 11454.617 | AC12: 41948.985 | AD12: 53403.602 | AE12: 66481.6 | AF12: 21.449 | AG12: 17.23 | AH12: 13.548 | AI12: 2.43 | AJ12: 0.511 | AK12: 0.741
A13: 1969 | B13: 10596.114 | C13: 2660.589 | D13: 4503.601 | E13: 861.971 | F13: 396.311 | G13: 106.366 | H13: 84.709 | I13: 66.77 | J13: 138.465 | K13: 2173.642 | L13: 661.677 | M13: 498.577 | N13: 562.757 | O13: 372.181 | P13: 78.45 | Q13: 299.569 | R13: 122.929 | S13: 564.606 | T13: 875.646 | U13: 111.315 | V13: 329.316 | W13: 337.336 | X13: 97.679 | Y13: 1249.636 | Z13: 1120.437 | AA13: 129.199 | AB13: 13708.499 | AC13: 47186.288 | AD13: 60894.787 | AE13: 74577.8 | AF13: 22.512 | AG13: 18.381 | AH13: 14.208 | AI13: 2.85 | AJ13: 0.567 | AK13: 0.757
A14: 1970 | B14: 12071.614 | C14: 3013.598 | D14: 5136.733 | E14: 992.121 | F14: 468.155 | G14: 135.406 | H14: 93.362 | I14: 84.99 | J14: 154.397 | K14: 2461.007 | L14: 761.613 | M14: 558.751 | N14: 660.122 | O14: 381.481 | P14: 99.04 | Q14: 337.752 | R14: 134.682 | S14: 612.661 | T14: 950.162 | U14: 119.205 | V14: 361.858 | W14: 364.32 | X14: 104.779 | Y14: 1500.928 | Z14: 1364.44 | AA14: 136.488 | AB14: 15607.799 | AC14: 51241.896 | AD14: 66849.696 | AE14: 83989.2 | AF14: 23.348 | AG14: 18.583 | AH14: 14.373 | AI14: 2.918 | AJ14: 0.562 | AK14: 0.729
... A60: 2016 | B60: 311099.05 | C60: 53773.318 | D60: 172341.75 | E60: 18518.476 | F60: 17150.934 | G60: 4502 | H60: 4202 | I60: 5495 | J60: 2951.934 | K60: 49314.388 | L60: 28085 | M60: 12562.477 | N60: 4711.495 | O60: 2109.416 | P60: 1846 | Q60: 23944.412 | R60: 6810.263 | S60: 11993.254 | T60: 32493 | U60: 5759 | V60: 17376 | W60: 7481 | X60: 1877 | Y60: 13162 | Z60: 5997 | AA60: 7165 | AB60: 399501.98 | AC60: 786590.02 | AD60: 1186092 | AE60: 1376974.6 | AF60: 33.682 | AG60: 29.013 | AH60: 22.593 | AI60: 3.316 | AJ60: 2.233 | AK60: 0.871

Sheet DEPCONTRACPVULN
A1: Année | B1: Enerdom | C1: Logement hors énergie | D1: Services de télécoms | E1: Services de télévision | F1: Cantines | G1: Assurances | H1: Services financiers | I1: Dépenses contraintes | J1: Wenerdom | K1: Wlogement | L1: Wtelecom | M1: Wteleviz | N1: Wcantines | O1: Wassur | P1: Wserfi | Q1: Dépense de consommation finale des ménages | R1: Part depcontraintes DEPTOT | S1: Revenu disponible brut | T1: Part depcontrainte RDB | U1: RDB+Loyers imputés | V1: Part depcontr RDB+LI
A2: 1959 | B2: =dep_pre_eng_nomi!K3 -> 940.376 | C2: =dep_pre_eng_nomi!B3-dep_pre_eng_nomi!K3 -> 1721.578 | D2: =dep_pre_eng_nomi!Q3 -> 98.38 | E2: =dep_pre_eng_nomi!R3 -> 34.291 | F2: =dep_pre_eng_nomi!S3 -> 216.457 | G2: =dep_pre_eng_nomi!T3 -> 210.551 | H2: =dep_pre_eng_nomi!Y3 -> 320.405 | I2: =SUM(B2:H2) -> 3542.038 | J2: =B2/$I2 -> 0.26549009 | K2: =C2/$I2 -> 0.48604165 | L2: =D2/$I2 -> 0.02777497 | M2: =E2/$I2 -> 0.0096811497 | N2: =F2/$I2 -> 0.061110863 | O2: =G2/$I2 -> 0.059443462 | P2: =H2/$I2 -> 0.09045781 | Q2: 24131.774 | R2: =I2/Q2 -> 0.14677901 | S2: 28689.9 | T2: =I2/S2 -> 0.12345941 | U2: =S2+dep_pre_eng_nomi!D25 -> 52466.277 | V2: =I2/U2 -> 0.067510756
A3: 1960 | B3: =dep_pre_eng_nomi!K4 -> 997.779 | C3: =dep_pre_eng_nomi!B4-dep_pre_eng_nomi!K4 -> 2034.546 | D3: =dep_pre_eng_nomi!Q4 -> 107.317 | E3: =dep_pre_eng_nomi!R4 -> 43.888 | F3: =dep_pre_eng_nomi!S4 -> 230.854 | G3: =dep_pre_eng_nomi!T4 -> 251.155 | H3: =dep_pre_eng_nomi!Y4 -> 334.549 | I3: =SUM(B3:H3) -> 4000.088 | J3: =B3/$I3 -> 0.24943926 | K3: =C3/$I3 -> 0.50862531 | L3: =D3/$I3 -> 0.02682866 | M3: =E3/$I3 -> 0.010971759 | N3: =F3/$I3 -> 0.05771223 | O3: =G3/$I3 -> 0.062787369 | P3: =H3/$I3 -> 0.08363541 | Q3: 26160.784 | R3: =I3/Q3 -> 0.15290398 | S3: 31911.7 | T3: =I3/S3 -> 0.12534863 | U3: =S3+dep_pre_eng_nomi!D26 -> 59292.675 | V3: =I3/U3 -> 0.067463443
A4: 1961 | B4: =dep_pre_eng_nomi!K5 -> 1037.63 | C4: =dep_pre_eng_nomi!B5-dep_pre_eng_nomi!K5 -> 2392.897 | D4: =dep_pre_eng_nomi!Q5 -> 117.29 | E4: =dep_pre_eng_nomi!R5 -> 54.132 | F4: =dep_pre_eng_nomi!S5 -> 258.326 | G4: =dep_pre_eng_nomi!T5 -> 263.273 | H4: =dep_pre_eng_nomi!Y5 -> 359.66 | I4: =SUM(B4:H4) -> 4483.208 | J4: =B4/$I4 -> 0.23144811 | K4: =C4/$I4 -> 0.53374659 | L4: =D4/$I4 -> 0.02616207 | M4: =E4/$I4 -> 0.01207439 | N4: =F4/$I4 -> 0.057620793 | O4: =G4/$I4 -> 0.058724244 | P4: =H4/$I4 -> 0.080223804 | Q4: 28509.2 | R4: =I4/Q4 -> 0.15725478 | S4: 34435.5 | T4: =I4/S4 -> 0.13019146 | U4: =S4+dep_pre_eng_nomi!D27 -> 66055.592 | V4: =I4/U4 -> 0.067870227
A5: 1962 | B5: =dep_pre_eng_nomi!K6 -> 1167.204 | C5: =dep_pre_eng_nomi!B6-dep_pre_eng_nomi!K6 -> 2862.93 | D5: =dep_pre_eng_nomi!Q6 -> 128.902 | E5: =dep_pre_eng_nomi!R6 -> 65.778 | F5: =dep_pre_eng_nomi!S6 -> 282.873 | G5: =dep_pre_eng_nomi!T6 -> 296.402 | H5: =dep_pre_eng_nomi!Y6 -> 384.119 | I5: =SUM(B5:H5) -> 5188.208 | J5: =B5/$I5 -> 0.22497248 | K5: =C5/$I5 -> 0.55181481 | L5: =D5/$I5 -> 0.024845187 | M5: =E5/$I5 -> 0.012678366 | N5: =F5/$I5 -> 0.054522294 | O5: =G5/$I5 -> 0.057129938 | P5: =H5/$I5 -> 0.074036931 | Q5: 31918.286 | R5: =I5/Q5 -> 0.16254657 | S5: 39577.8 | T5: =I5/S5 -> 0.13108884 | U5: =S5+dep_pre_eng_nomi!D28 -> 75494.654 | V5: =I5/U5 -> 0.068722853
A6: 1963 | B6: =dep_pre_eng_nomi!K7 -> 1339.892 | C6: =dep_pre_eng_nomi!B7-dep_pre_eng_nomi!K7 -> 3416.612 | D6: =dep_pre_eng_nomi!Q7 -> 140.28 | E6: =dep_pre_eng_nomi!R7 -> 72.033 | F6: =dep_pre_eng_nomi!S7 -> 321.098 | G6: =dep_pre_eng_nomi!T7 -> 363.99 | H6: =dep_pre_eng_nomi!Y7 -> 455.714 | I6: =SUM(B6:H6) -> 6109.619 | J6: =B6/$I6 -> 0.2193086 | K6: =C6/$I6 -> 0.5592185 | L6: =D6/$I6 -> 0.022960515 | M6: =E6/$I6 -> 0.011790097 | N6: =F6/$I6 -> 0.052556141 | O6: =G6/$I6 -> 0.059576546 | P6: =H6/$I6 -> 0.074589594 | Q6: 35877.247 | R6: =I6/Q6 -> 0.1702923 | S6: 44090.9 | T6: =I6/S6 -> 0.13856871 | U6: =S6+dep_pre_eng_nomi!D29 -> 83263.278 | V6: =I6/U6 -> 0.073377113
A7: 1964 | B7: =dep_pre_eng_nomi!K8 -> 1351.805 | C7: =dep_pre_eng_nomi!B8-dep_pre_eng_nomi!K8 -> 3881.62 | D7: =dep_pre_eng_nomi!Q8 -> 154.984 | E7: =dep_pre_eng_nomi!R8 -> 79.904 | F7: =dep_pre_eng_nomi!S8 -> 365.305 | G7: =dep_pre_eng_nomi!T8 -> 450.714 | H7: =dep_pre_eng_nomi!Y8 -> 543.865 | I7: =SUM(B7:H7) -> 6828.197 | J7: =B7/$I7 -> 0.19797393 | K7: =C7/$I7 -> 0.56846925 | L7: =D7/$I7 -> 0.022697646 | M7: =E7/$I7 -> 0.011702064 | N7: =F7/$I7 -> 0.053499482 | O7: =G7/$I7 -> 0.066007762 | P7: =H7/$I7 -> 0.07964987 | Q7: 39101.538 | R7: =I7/Q7 -> 0.17462733 | S7: 47882.1 | T7: =I7/S7 -> 0.14260438 | U7: =S7+dep_pre_eng_nomi!D30 -> 90508.716 | V7: =I7/U7 -> 0.075442425
A8: 1965 | B8: =dep_pre_eng_nomi!K9 -> 1443.299 | C8: =dep_pre_eng_nomi!B9-dep_pre_eng_nomi!K9 -> 4500.539 | D8: =dep_pre_eng_nomi!Q9 -> 181.17 | E8: =dep_pre_eng_nomi!R9 -> 88.746 | F8: =dep_pre_eng_nomi!S9 -> 397.625 | G8: =dep_pre_eng_nomi!T9 -> 535.559 | H8: =dep_pre_eng_nomi!Y9 -> 559.334 | I8: =SUM(B8:H8) -> 7706.272 | J8: =B8/$I8 -> 0.18728887 | K8: =C8/$I8 -> 0.58400988 | L8: =D8/$I8 -> 0.023509422 | M8: =E8/$I8 -> 0.011516074 | N8: =F8/$I8 -> 0.051597582 | O8: =G8/$I8 -> 0.069496509 | P8: =H8/$I8 -> 0.072581658 | Q8: 41690.183 | R8: =I8/Q8 -> 0.1848462 | S8: 51445.7 | T8: =I8/S8 -> 0.14979429 | U8: =S8+dep_pre_eng_nomi!D31 -> 98113.818 | V8: =I8/U8 -> 0.078544207
A9: 1966 | B9: =dep_pre_eng_nomi!K10 -> 1507.601 | C9: =dep_pre_eng_nomi!B10-dep_pre_eng_nomi!K10 -> 5196.384 | D9: =dep_pre_eng_nomi!Q10 -> 190.744 | E9: =dep_pre_eng_nomi!R10 -> 95.755 | F9: =dep_pre_eng_nomi!S10 -> 434.632 | G9: =dep_pre_eng_nomi!T10 -> 598.637 | H9: =dep_pre_eng_nomi!Y10 -> 608.54 | I9: =SUM(B9:H9) -> 8632.293 | J9: =B9/$I9 -> 0.17464664 | K9: =C9/$I9 -> 0.6019703 | L9: =D9/$I9 -> 0.022096562 | M9: =E9/$I9 -> 0.011092649 | N9: =F9/$I9 -> 0.050349542 | O9: =G9/$I9 -> 0.06934855 | P9: =H9/$I9 -> 0.070495754 | Q9: 45008.734 | R9: =I9/Q9 -> 0.19179151 | S9: 55574.7 | T9: =I9/S9 -> 0.15532775 | U9: =S9+dep_pre_eng_nomi!D32 -> 107284.71 | V9: =I9/U9 -> 0.080461537
A10: 1967 | B10: =dep_pre_eng_nomi!K11 -> 1691.497 | C10: =dep_pre_eng_nomi!B11-dep_pre_eng_nomi!K11 -> 6094.02 | D10: =dep_pre_eng_nomi!Q11 -> 212.283 | E10: =dep_pre_eng_nomi!R11 -> 110.636 | F10: =dep_pre_eng_nomi!S11 -> 466.132 | G10: =dep_pre_eng_nomi!T11 -> 677.191 | H10: =dep_pre_eng_nomi!Y11 -> 689.959 | I10: =SUM(B10:H10) -> 9941.718 | J10: =B10/$I10 -> 0.17014132 | K10: =C10/$I10 -> 0.61297454 | L10: =D10/$I10 -> 0.021352748 | M10: =E10/$I10 -> 0.011128459 | N10: =F10/$I10 -> 0.046886464 | O10: =G10/$I10 -> 0.068116094 | P10: =H10/$I10 -> 0.069400379 | Q10: 48740.9 | R10: =I10/Q10 -> 0.20397075 | S10: 60552.9 | T10: =I10/S10 -> 0.16418236 | U10: =S10+dep_pre_eng_nomi!D33 -> 117442.72 | V10: =I10/U10 -> 0.084651631
A11: 1968 | B11: =dep_pre_eng_nomi!K12 -> 1936.871 | C11: =dep_pre_eng_nomi!B12-dep_pre_eng_nomi!K12 -> 7070.223 | D11: =dep_pre_eng_nomi!Q12 -> 227.713 | E11: =dep_pre_eng_nomi!R12 -> 111.715 | F11: =dep_pre_eng_nomi!S12 -> 492.764 | G11: =dep_pre_eng_nomi!T12 -> 744.913 | H11: =dep_pre_eng_nomi!Y12 -> 870.419 | I11: =SUM(B11:H11) -> 11454.618 | J11: =B11/$I11 -> 0.16909084 | K11: =C11/$I11 -> 0.61723778 | L11: =D11/$I11 -> 0.01987958 | M11: =E11/$I11 -> 0.0097528351 | N11: =F11/$I11 -> 0.043018807 | O11: =G11/$I11 -> 0.065031675 | P11: =H11/$I11 -> 0.075988479 | Q11: 53403.602 | R11: =I11/Q11 -> 0.21449149 | S11: 66481.6 | T11: =I11/S11 -> 0.17229757 | U11: =S11+dep_pre_eng_nomi!D34 -> 127677.4 | V11: =I11/U11 -> 0.089715313
A12: 1969 | B12: =dep_pre_eng_nomi!K13 -> 2173.642 | C12: =dep_pre_eng_nomi!B13-dep_pre_eng_nomi!K13 -> 8422.472 | D12: =dep_pre_eng_nomi!Q13 -> 299.569 | E12: =dep_pre_eng_nomi!R13 -> 122.929 | F12: =dep_pre_eng_nomi!S13 -> 564.606 | G12: =dep_pre_eng_nomi!T13 -> 875.646 | H12: =dep_pre_eng_nomi!Y13 -> 1249.636 | I12: =SUM(B12:H12) -> 13708.5 | J12: =B12/$I12 -> 0.15856162 | K12: =C12/$I12 -> 0.61439778 | L12: =D12/$I12 -> 0.021852792 | M12: =E12/$I12 -> 0.008967356 | N12: =F12/$I12 -> 0.041186563 | O12: =G12/$I12 -> 0.063876135 | P12: =H12/$I12 -> 0.091157749 | Q12: 60894.787 | R12: =I12/Q12 -> 0.22511779 | S12: 74577.8 | T12: =I12/S12 -> 0.18381475 | U12: =S12+dep_pre_eng_nomi!D35 -> 140696.81 | V12: =I12/U12 -> 0.097432913
A13: 1970 | B13: =dep_pre_eng_nomi!K14 -> 2461.007 | C13: =dep_pre_eng_nomi!B14-dep_pre_eng_nomi!K14 -> 9610.607 | D13: =dep_pre_eng_nomi!Q14 -> 337.752 | E13: =dep_pre_eng_nomi!R14 -> 134.682 | F13: =dep_pre_eng_nomi!S14 -> 612.661 | G13: =dep_pre_eng_nomi!T14 -> 950.162 | H13: =dep_pre_eng_nomi!Y14 -> 1500.928 | I13: =SUM(B13:H13) -> 15607.799 | J13: =B13/$I13 -> 0.15767803 | K13: =C13/$I13 -> 0.61575671 | L13: =D13/$I13 -> 0.021639951 | M13: =E13/$I13 -> 0.0086291475 | N13: =F13/$I13 -> 0.039253517 | O13: =G13/$I13 -> 0.060877386 | P13: =H13/$I13 -> 0.096165257 | Q13: 66849.696 | R13: =I13/Q13 -> 0.23347599 | S13: 83989.2 | T13: =I13/S13 -> 0.18583102 | U13: =S13+dep_pre_eng_nomi!D36 -> 155725.77 | V13: =I13/U13 -> 0.10022618
... A59: 2016 | B59: =dep_pre_eng_nomi!K60 -> 49314.388 | C59: =dep_pre_eng_nomi!B60-dep_pre_eng_nomi!K60 -> 261784.67 | D59: =dep_pre_eng_nomi!Q60 -> 23944.412 | E59: =dep_pre_eng_nomi!R60 -> 6810.263 | F59: =dep_pre_eng_nomi!S60 -> 11993.254 | G59: =dep_pre_eng_nomi!T60 -> 32493 | H59: =dep_pre_eng_nomi!Y60 -> 13162 | I59: =SUM(B59:H59) -> 399501.98 | J59: =B59/$I59 -> 0.12343966 | K59: =C59/$I59 -> 0.65527751 | L59: =D59/$I59 -> 0.059935652 | M59: =E59/$I59 -> 0.017046882 | N59: =F59/$I59 -> 0.030020512 | O59: =G59/$I59 -> 0.081333764 | P59: =H59/$I59 -> 0.032946019 | Q59: 1186092 | R59: =I59/Q59 -> 0.33682209 | S59: 1376974.6 | T59: =I59/S59 -> 0.29013024 | U59: =S59+dep_pre_eng_nomi!D82 -> 1376974.6 | V59: =I59/U59 -> 0.29013024
